{
    "epoch": 0.0011967448539971278,
    "total_flos": 427212636160.0,
    "train_loss": 4.0860100269317625,
    "train_runtime": 123.2986,
    "train_samples_per_second": 1.298,
    "train_steps_per_second": 0.162
}